id,category en,name mr,name en,category_mr,,,,,,,,,,,,,,,,,,,,,,,
1,Namkeen,?????? ???,Namkin Shev,?????,,,,,,,,,,,,,,,,,,,,,,,
2,Namkeen,???? ???,Lasun Shev,?????,,,,,,,,,,,,,,,,,,,,,,,
3,Namkeen,????? ??????, Potato Wafers,?????,,,,,,,,,,,,,,,,,,,,,,,
4,Namkeen,?????? ??????,Tomato Wafers,?????,,,,,,,,,,,,,,,,,,,,,,,
5,Namkeen,?????????,Bhujiya Shev,?????,,,,,,,,,,,,,,,,,,,,,,,
6,Namkeen,??????,Pharsana,?????,,,,,,,,,,,,,,,,,,,,,,,
7,Namkeen,????,Bhadang,?????,,,,,,,,,,,,,,,,,,,,,,,
8,Namkeen,?????? ??????,Namkin peas,?????,,,,,,,,,,,,,,,,,,,,,,,
9,Namkeen,??????,Futane,?????,,,,,,,,,,,,,,,,,,,,,,,
10,Namkeen,?????? ??????,Banana Wafers,?????,,,,,,,,,,,,,,,,,,,,,,,
11,Namkeen,????????????,Namkin Groundnuts,?????,,,,,,,,,,,,,,,,,,,,,,,
12,Namkeen,?????? ??????,Namkin Mung Dal,?????,,,,,,,,,,,,,,,,,,,,,,,
13,Namkeen,????? ????????,Masala Groundnuts,?????,,,,,,,,,,,,,,,,,,,,,,,
14,Chikki,???????? ??????,Peanut Chikki,??????,,,,,,,,,,,,,,,,,,,,,,,
15,Chikki,????? ??????,Coconut Chikki,??????,,,,,,,,,,,,,,,,,,,,,,,
16,Chikki,????? ??????,Mix Chikki,??????,,,,,,,,,,,,,,,,,,,,,,,
17,Chikki,???????? ??????,Dryfruit Chikki,??????,,,,,,,,,,,,,,,,,,,,,,,
18,Daily Food Products,???? ????,M. Sugar,????????????? ??????? ?????,,,,,,,,,,,,,,,,,,,,,,,
19,Daily Food Products,????????,S. Sugar,????????????? ??????? ?????,,,,,,,,,,,,,,,,,,,,,,,
20,Daily Food Products,???? ????,Cristal Sugar,????????????? ??????? ?????,,,,,,,,,,,,,,,,,,,,,,,
21,Daily Food Products,???????? ???,Organic Gaggery,????????????? ??????? ?????,,,,,,,,,,,,,,,,,,,,,,,
22,Daily Food Products,????????,Jaggery Powder,????????????? ??????? ?????,,,,,,,,,,,,,,,,,,,,,,,
23,Daily Food Products,????,Coffee,????????????? ??????? ?????,,,,,,,,,,,,,,,,,,,,,,,
24,Daily Food Products,????????,Tea,????????????? ??????? ?????,,,,,,,,,,,,,,,,,,,,,,,
25,Daily Food Products,????????,Groundut,????????????? ??????? ?????,,,,,,,,,,,,,,,,,,,,,,,
26,Daily Food Products,??????,Rice,????????????? ??????? ?????,,,,,,,,,,,,,,,,,,,,,,,
27,Daily Food Products,???,Ghee,????????????? ??????? ?????,,,,,,,,,,,,,,,,,,,,,,,
28,Daily Food Products,?????,Coconut,????????????? ??????? ?????,,,,,,,,,,,,,,,,,,,,,,,
29,Daily Food Products,???????,Papad masala,????????????? ??????? ?????,,,,,,,,,,,,,,,,,,,,,,,
30,Daily Food Products,"????, ",Tamarind,????????????? ??????? ?????,,,,,,,,,,,,,,,,,,,,,,,
31,Daily Food Products,????,Kokam,????????????? ??????? ?????,,,,,,,,,,,,,,,,,,,,,,,
32,Daily Food Products,?????,Amchur,????????????? ??????? ?????,,,,,,,,,,,,,,,,,,,,,,,
33,Daily Food Products,????? ????,Baking soda,????????????? ??????? ?????,,,,,,,,,,,,,,,,,,,,,,,
34,Daily Food Products,"????,???,",Kat,????????????? ??????? ?????,,,,,,,,,,,,,,,,,,,,,,,
35,Daily Food Products,????,Haliv,????????????? ??????? ?????,,,,,,,,,,,,,,,,,,,,,,,
36,Daily Food Products,????,Rale,????????????? ??????? ?????,,,,,,,,,,,,,,,,,,,,,,,
37,Daily Food Products,???????,Gum,????????????? ??????? ?????,,,,,,,,,,,,,,,,,,,,,,,
38,Daily Food Products,????????,Sago,????????????? ??????? ?????,,,,,,,,,,,,,,,,,,,,,,,
39,Daily Food Products,????????,Coconut khis,????????????? ??????? ?????,,,,,,,,,,,,,,,,,,,,,,,
40,Daily Food Products,????,Poha(flatened rice),????????????? ??????? ?????,,,,,,,,,,,,,,,,,,,,,,,
41,Daily Food Products,????????,Stony Poha,????????????? ??????? ?????,,,,,,,,,,,,,,,,,,,,,,,
42,Daily Food Products,????????,Baked Poha,????????????? ??????? ?????,,,,,,,,,,,,,,,,,,,,,,,
43,Daily Food Products,????? ????,Bhajake Pohe,????????????? ??????? ?????,,,,,,,,,,,,,,,,,,,,,,,
44,Daily Food Products,???????,Maized Poha,????????????? ??????? ?????,,,,,,,,,,,,,,,,,,,,,,,
45,Daily Food Products,??????,Maggie,????????????? ??????? ?????,,,,,,,,,,,,,,,,,,,,,,,
46,Daily Food Products,??????,Noodles,????????????? ??????? ?????,,,,,,,,,,,,,,,,,,,,,,,
47,Daily Food Products,????? ???,"Stony Salt,Fine Salt",????????????? ??????? ?????,,,,,,,,,,,,,,,,,,,,,,,
48,Daily Food Products,?????,Vermicelli(Shevya),????????????? ??????? ?????,,,,,,,,,,,,,,,,,,,,,,,
49,Daily Food Products,??? ???,Edible colour,????????????? ??????? ?????,,,,,,,,,,,,,,,,,,,,,,,
50,Daily Food Products,???? ???,Papad khar,????????????? ??????? ?????,,,,,,,,,,,,,,,,,,,,,,,
51,Dry Fruits,????,Cashew,????????,,,,,,,,,,,,,,,,,,,,,,,
52,Dry Fruits,????,Almond ,????????,,,,,,,,,,,,,,,,,,,,,,,
53,Dry Fruits,??????,Pistachois,????????,,,,,,,,,,,,,,,,,,,,,,,
54,Dry Fruits,??????,Walnuts,????????,,,,,,,,,,,,,,,,,,,,,,,
55,Dry Fruits,?????,Brown Raisin,????????,,,,,,,,,,,,,,,,,,,,,,,
56,Dry Fruits,????,Dates,????????,,,,,,,,,,,,,,,,,,,,,,,
57,Dry Fruits,?????,Dry Dates,????????,,,,,,,,,,,,,,,,,,,,,,,
58,Dry Fruits,???? ?????,Black Raisin,????????,,,,,,,,,,,,,,,,,,,,,,,
59,Dry Fruits,??????,Chironji,????????,,,,,,,,,,,,,,,,,,,,,,,
60,Papad,?????? ????,Black Gram Papad,????,,,,,,,,,,,,,,,,,,,,,,,
61,Papad,???? ????,Ragi Paapad,????,,,,,,,,,,,,,,,,,,,,,,,
62,Papad,????????  ???? ,Sago Papad,????,,,,,,,,,,,,,,,,,,,,,,,
63,Papad,?????????   ???? , Potato Papad,????,,,,,,,,,,,,,,,,,,,,,,,
64,Papad,???????? ????,Rice Papad,????,,,,,,,,,,,,,,,,,,,,,,,
65,Daily Products,???????? ????,Bath Soap,???????? ??????? ??????????????? ?????,,,,,,,,,,,,,,,,,,,,,,,
66,Daily Products,???????? ????,Cloth Soap,???????? ??????? ??????????????? ?????,,,,,,,,,,,,,,,,,,,,,,,
67,Daily Products,????????? ????,Utensils soap,???????? ??????? ??????????????? ?????,,,,,,,,,,,,,,,,,,,,,,,
68,Daily Products,???????? ????,Nirma Powder,???????? ??????? ??????????????? ?????,,,,,,,,,,,,,,,,,,,,,,,
69,Daily Products,???,Nil,???????? ??????? ??????????????? ?????,,,,,,,,,,,,,,,,,,,,,,,
70,Daily Products,?????? ?????,Bleaching Powder,???????? ??????? ??????????????? ?????,,,,,,,,,,,,,,,,,,,,,,,
71,Daily Products,??? ???,Rin Soap,???????? ??????? ??????????????? ?????,,,,,,,,,,,,,,,,,,,,,,,
72,Daily Products,???? ???,Baby Soap,???????? ??????? ??????????????? ?????,,,,,,,,,,,,,,,,,,,,,,,
73,Daily Products,???? ?????,Baby Paste,???????? ??????? ??????????????? ?????,,,,,,,,,,,,,,,,,,,,,,,
74,Daily Products,????????,Toothpaste,???????? ??????? ??????????????? ?????,,,,,,,,,,,,,,,,,,,,,,,
75,Daily Products,?????????,Baby Shampoo,???????? ??????? ??????????????? ?????,,,,,,,,,,,,,,,,,,,,,,,
76,Daily Products,???????? ?????,Shampoo,???????? ??????? ??????????????? ?????,,,,,,,,,,,,,,,,,,,,,,,
77,Daily Products,???? ???,Baby Oil,???????? ??????? ??????????????? ?????,,,,,,,,,,,,,,,,,,,,,,,
78,Daily Products,???????,Tooth Brush,???????? ??????? ??????????????? ?????,,,,,,,,,,,,,,,,,,,,,,,
79,Daily Products,???? ???,Body Wash,???????? ??????? ??????????????? ?????,,,,,,,,,,,,,,,,,,,,,,,
80,Daily Products,??? ???,Face Wash,???????? ??????? ??????????????? ?????,,,,,,,,,,,,,,,,,,,,,,,
81,Daily Products,??? ?????,Face Cream,???????? ??????? ??????????????? ?????,,,,,,,,,,,,,,,,,,,,,,,
82,Daily Products,???? ????,Body Lotion,???????? ??????? ??????????????? ?????,,,,,,,,,,,,,,,,,,,,,,,
83,Daily Products,??? ?????,Powder,???????? ??????? ??????????????? ?????,,,,,,,,,,,,,,,,,,,,,,,
84,Daily Products,?????,Perfume,???????? ??????? ??????????????? ?????,,,,,,,,,,,,,,,,,,,,,,,
85,Daily Products,???? ???,Hair Oil,???????? ??????? ??????????????? ?????,,,,,,,,,,,,,,,,,,,,,,,
86,Daily Products,???,Gel,???????? ??????? ??????????????? ?????,,,,,,,,,,,,,,,,,,,,,,,
87,Plastic Products,????,Bucket,????????? ????????,,,,,,,,,,,,,,,,,,,,,,,
88,Plastic Products,???,Mat,????????? ????????,,,,,,,,,,,,,,,,,,,,,,,
89,Plastic Products,?????,Scoop,????????? ????????,,,,,,,,,,,,,,,,,,,,,,,
90,Plastic Products,??,Mug,????????? ????????,,,,,,,,,,,,,,,,,,,,,,,
91,Plastic Products,???????,Dustbin,????????? ????????,,,,,,,,,,,,,,,,,,,,,,,
92,Plastic Products,????,Broom,????????? ????????,,,,,,,,,,,,,,,,,,,,,,,
93,Plastic Products,???,Mop,????????? ????????,,,,,,,,,,,,,,,,,,,,,,,
94,Plastic Products,?????? ????,Toilet Brush,????????? ????????,,,,,,,,,,,,,,,,,,,,,,,
95,Plastic Products,???????? ????,Clothes Brush,????????? ????????,,,,,,,,,,,,,,,,,,,,,,,
96,Plastic Products,?????? ?????,Steel Rub,????????? ????????,,,,,,,,,,,,,,,,,,,,,,,
97,Plastic Products,?????? ?????,Nylon Rub,????????? ????????,,,,,,,,,,,,,,,,,,,,,,,
98,Plastic Products,??????  ?????,Scrubber,????????? ????????,,,,,,,,,,,,,,,,,,,,,,,
99,Plastic Products,???????,Bag,????????? ????????,,,,,,,,,,,,,,,,,,,,,,,
100,Instant Mix,?????,Dhokla,???????? ?????,,,,,,,,,,,,,,,,,,,,,,,
101,Instant Mix,??????????,Gulabjamun,???????? ?????,,,,,,,,,,,,,,,,,,,,,,,
102,Instant Mix,????,Idli,???????? ?????,,,,,,,,,,,,,,,,,,,,,,,
103,Instant Mix,????,Dosa,???????? ?????,,,,,,,,,,,,,,,,,,,,,,,
104,Material Of Worship,???,Turmeric,?????? ????,,,,,,,,,,,,,,,,,,,,,,,
105,Material Of Worship,?????,Vermilion ,?????? ????,,,,,,,,,,,,,,,,,,,,,,,
106,Material Of Worship,?????,Gulal,?????? ????,,,,,,,,,,,,,,,,,,,,,,,
107,Material Of Worship,????,Ashtigandh,?????? ????,,,,,,,,,,,,,,,,,,,,,,,
108,Material Of Worship,??????,Incense Stick,?????? ????,,,,,,,,,,,,,,,,,,,,,,,
109,Material Of Worship,??,Dhoop,?????? ????,,,,,,,,,,,,,,,,,,,,,,,
110,Material Of Worship,????,Wick,?????? ????,,,,,,,,,,,,,,,,,,,,,,,
111,Material Of Worship,?????,Champhor,?????? ????,,,,,,,,,,,,,,,,,,,,,,,
112,Pulses,????? ???,Yellow Gram,???????,,,,,,,,,,,,,,,,,,,,,,,
113,Pulses,????? ???,Gren Gram,???????,,,,,,,,,,,,,,,,,,,,,,,
114,Pulses,????,Black Eyed Peas,???????,,,,,,,,,,,,,,,,,,,,,,,
115,Pulses,???? ?????,Kala Ghevda,???????,,,,,,,,,,,,,,,,,,,,,,,
116,Pulses,?????,Kidney Beans,???????,,,,,,,,,,,,,,,,,,,,,,,
117,Pulses,???? ?????,Vagha Ghevda,???????,,,,,,,,,,,,,,,,,,,,,,,
118,Pulses,?????,Halaga,???????,,,,,,,,,,,,,,,,,,,,,,,
119,Pulses,????? ????,Masoor,???????,,,,,,,,,,,,,,,,,,,,,,,
120,Pulses,??????,Peas,???????,,,,,,,,,,,,,,,,,,,,,,,
121,Pulses,????,chickpeas,???????,,,,,,,,,,,,,,,,,,,,,,,
122,Pulses,???????,Soyabean,???????,,,,,,,,,,,,,,,,,,,,,,,
123,Pulses,?????,Halge,???????,,,,,,,,,,,,,,,,,,,,,,,
124,Pulses,???,Linseed,???????,,,,,,,,,,,,,,,,,,,,,,,
125,Pulses,???? ?????,Green Chickpea,???????,,,,,,,,,,,,,,,,,,,,,,,
126,Grain,???,Wheat,?????,,,,,,,,,,,,,,,,,,,,,,,
127,Grain,??????,Jowar,?????,,,,,,,,,,,,,,,,,,,,,,,
128,Grain,?????,Bajara,?????,,,,,,,,,,,,,,,,,,,,,,,
129,Grain,???? ???,Khapli Wheat,?????,,,,,,,,,,,,,,,,,,,,,,,
130,Chutney,???????? ????,Groundnut Chutney,??????,,,,,,,,,,,,,,,,,,,,,,,
131,Chutney,?????? ????,Seasame Chutney,??????,,,,,,,,,,,,,,,,,,,,,,,
132,Chutney,??????????,Flax Seed Chuteny,??????,,,,,,,,,,,,,,,,,,,,,,,
133,Chutney,??????? ????,Niger Seed Chutney,??????,,,,,,,,,,,,,,,,,,,,,,,
134,Chutney,?????? ?????????? ????,Dri Coconut Chutney,??????,,,,,,,,,,,,,,,,,,,,,,,
135,Chutney,?????? ????,Mint Chutney,??????,,,,,,,,,,,,,,,,,,,,,,,
136,Chutney,???????? ????,Kadipatta Chatney,??????,,,,,,,,,,,,,,,,,,,,,,,
137,Chutney,????,Thecha,??????,,,,,,,,,,,,,,,,,,,,,,,
138,Supari,????? ??????  ,Chikni Supari,??????,,,,,,,,,,,,,,,,,,,,,,,
139,Supari,?????  ??????  ,Kacchi Supari,??????,,,,,,,,,,,,,,,,,,,,,,,
140,Supari,???????   ??????  ,Baked Supari,??????,,,,,,,,,,,,,,,,,,,,,,,
141,Biscuits,????? ???????,Namkin Biscuit,???????,,,,,,,,,,,,,,,,,,,,,,,
142,Biscuits,?????  ???????,Cream Biscuit,???????,,,,,,,,,,,,,,,,,,,,,,,
143,Biscuits,??? ???????,Sweet Biscuit,???????,,,,,,,,,,,,,,,,,,,,,,,
144,Pickle,?????? ?????,Mango pickle,?????,,,,,,,,,,,,,,,,,,,,,,,
145,Pickle,??????? ?????,Lemon Pickle,?????,,,,,,,,,,,,,,,,,,,,,,,
146,Pickle,????? ?????,Mix Pickle,?????,,,,,,,,,,,,,,,,,,,,,,,
147,Pickle,??????? ?????,Chilli pickle,?????,,,,,,,,,,,,,,,,,,,,,,,
148,Bakery Products,????,Khari,????? ??????????,,,,,,,,,,,,,,,,,,,,,,,
149,Bakery Products,?????,Toast,????? ??????????,,,,,,,,,,,,,,,,,,,,,,,
150,Bakery Products,???,Butter,????? ??????????,,,,,,,,,,,,,,,,,,,,,,,
151,Bakery Products,?????,Bread,????? ??????????,,,,,,,,,,,,,,,,,,,,,,,
152,Bakery Products,???,Pav,????? ??????????,,,,,,,,,,,,,,,,,,,,,,,
153,Oil,???????? ??? ,Groundnut,???,,,,,,,,,,,,,,,,,,,,,,,
154,Oil,???? ???,Safflower,???,,,,,,,,,,,,,,,,,,,,,,,
155,Oil,??????? ???,Soyabean,???,,,,,,,,,,,,,,,,,,,,,,,
156,Oil,???????? ???,Sunflower,???,,,,,,,,,,,,,,,,,,,,,,,
157,Oil,??? ???,Palm,???,,,,,,,,,,,,,,,,,,,,,,,
158,Oil,????? ???,Mustard,???,,,,,,,,,,,,,,,,,,,,,,,
159,Oil,?????? ???,Sesame ,???,,,,,,,,,,,,,,,,,,,,,,,
160,Oil,????,Dalda,???,,,,,,,,,,,,,,,,,,,,,,,
161,Oil,???????? ???,Wooden churned ,???,,,,,,,,,,,,,,,,,,,,,,,
162,Spices,??? ????? ?????,Red Chilli Powder,?????,,,,,,,,,,,,,,,,,,,,,,,
163,Spices,?????? ??? ?????,Special Garam Masala,?????,,,,,,,,,,,,,,,,,,,,,,,
164,Spices,????? ???? ?????,Onion Garlic Masala,?????,,,,,,,,,,,,,,,,,,,,,,,
165,Spices,????? ?????,Vegetable Masala,?????,,,,,,,,,,,,,,,,,,,,,,,
166,Spices,??? ?????,Garam Masala,?????,,,,,,,,,,,,,,,,,,,,,,,
167,Spices,????? ?????,Pickle Masala,?????,,,,,,,,,,,,,,,,,,,,,,,
168,Spices,???? ?????,Turmeric Powder,?????,,,,,,,,,,,,,,,,,,,,,,,
169,Spices,???? ???? ?????,Kitchen King Masala,?????,,,,,,,,,,,,,,,,,,,,,,,
170,Spices,???? ?????,Chicken Masala,?????,,,,,,,,,,,,,,,,,,,,,,,
171,Spices,??? ?????,Mutton Masala,?????,,,,,,,,,,,,,,,,,,,,,,,
172,Spices,??????? ?????,Pav Bhaji Masala,?????,,,,,,,,,,,,,,,,,,,,,,,
173,Spices,?????? ????? ?????,Chivda Masala,?????,,,,,,,,,,,,,,,,,,,,,,,
174,Spices,???? ?????,Chole Masala,?????,,,,,,,,,,,,,,,,,,,,,,,
175,Spices,???????? ?????,Biriyani Masala,?????,,,,,,,,,,,,,,,,,,,,,,,
176,Spices,??? ?????,Chaat Masala,?????,,,,,,,,,,,,,,,,,,,,,,,
177,Spices,??? ?????,Coriander Powder,?????,,,,,,,,,,,,,,,,,,,,,,,
178,Spices,?????? ?????,Fish Curry Masala,?????,,,,,,,,,,,,,,,,,,,,,,,
179,Spices,????65 ?????,Chicken 65 Masala,?????,,,,,,,,,,,,,,,,,,,,,,,
180,Spices,???????,Cinammon,?????,,,,,,,,,,,,,,,,,,,,,,,
181,Spices,????,Cloves,?????,,,,,,,,,,,,,,,,,,,,,,,
182,Spices,???,Coriander,?????,,,,,,,,,,,,,,,,,,,,,,,
183,Spices,????,Cumin,?????,,,,,,,,,,,,,,,,,,,,,,,
184,Spices,??? ?????,Red Chilly,?????,,,,,,,,,,,,,,,,,,,,,,,
185,Spices,???? ????,Black Pepper,?????,,,,,,,,,,,,,,,,,,,,,,,
186,Spices,????? ?????,Green Cardemom,?????,,,,,,,,,,,,,,,,,,,,,,,
187,Spices,????? ?????,Masala Cardemom,?????,,,,,,,,,,,,,,,,,,,,,,,
188,Spices,????????,Star  Anise,?????,,,,,,,,,,,,,,,,,,,,,,,
189,Spices,???????,Royal Cumin,?????,,,,,,,,,,,,,,,,,,,,,,,
190,Spices,?????,Nutmeg,?????,,,,,,,,,,,,,,,,,,,,,,,
191,Spices,????????,Maize,?????,,,,,,,,,,,,,,,,,,,,,,,
192,Spices,???????,Triphala,?????,,,,,,,,,,,,,,,,,,,,,,,
193,Spices,????????,Rampatri,?????,,,,,,,,,,,,,,,,,,,,,,,
194,Spices,????,Asofoetida,?????,,,,,,,,,,,,,,,,,,,,,,,
195,Spices,????????,Bayleaf,?????,,,,,,,,,,,,,,,,,,,,,,,
196,Spices,????,Poppy Seeds,?????,,,,,,,,,,,,,,,,,,,,,,,
197,Spices,????????,Cubeb,?????,,,,,,,,,,,,,,,,,,,,,,,
198,Spices,??????,Nakeshkar,?????,,,,,,,,,,,,,,,,,,,,,,,
199,Spices,??????,black stone,?????,,,,,,,,,,,,,,,,,,,,,,,
200,Spices,??????,Fennel Seeds,?????,,,,,,,,,,,,,,,,,,,,,,,
201,Spices,????,Saffron,?????,,,,,,,,,,,,,,,,,,,,,,,
202,Spices,???,Sesame Seeds,?????,,,,,,,,,,,,,,,,,,,,,,,
203,Spices,????,Fenugreek,?????,,,,,,,,,,,,,,,,,,,,,,,
204,Spices,?????????,Fenugreek Leaf,?????,,,,,,,,,,,,,,,,,,,,,,,
205,Spices,??,Honey,?????,,,,,,,,,,,,,,,,,,,,,,,
206,Spices,???,Ajwain,?????,,,,,,,,,,,,,,,,,,,,,,,
207,Milk and Milk Products,???,Milk,?????? ??????,,,,,,,,,,,,,,,,,,,,,,,
208,Milk and Milk Products,???,Curd,?????? ??????,,,,,,,,,,,,,,,,,,,,,,,
209,Milk and Milk Products,???,Butter,?????? ??????,,,,,,,,,,,,,,,,,,,,,,,
210,Milk and Milk Products,???,Cheese,?????? ??????,,,,,,,,,,,,,,,,,,,,,,,
211,Milk and Milk Products,????,Paneer,?????? ??????,,,,,,,,,,,,,,,,,,,,,,,
212,Milk and Milk Products,???,Ghee,?????? ??????,,,,,,,,,,,,,,,,,,,,,,,
213,Milk and Milk Products,?????,Lassi,?????? ??????,,,,,,,,,,,,,,,,,,,,,,,
214,Milk and Milk Products,???,Khava,?????? ??????,,,,,,,,,,,,,,,,,,,,,,,
215,Milk and Milk Products,???????,ShriKhanda,?????? ??????,,,,,,,,,,,,,,,,,,,,,,,
216,Milk and Milk Products,???????,Amrakhanda,?????? ??????,,,,,,,,,,,,,,,,,,,,,,,
217,Milk and Milk Products,???????,Basundi,?????? ??????,,,,,,,,,,,,,,,,,,,,,,,
218,Milk and Milk Products,?????? ???,Flavoured Milk,?????? ??????,,,,,,,,,,,,,,,,,,,,,,,
219,Milk and Milk Products,????,Rabdi,?????? ??????,,,,,,,,,,,,,,,,,,,,,,,
220,Milk and Milk Products,?????????,IceCream,?????? ??????,,,,,,,,,,,,,,,,,,,,,,,
221,Milk and Milk Products,???,ButterMilk,?????? ??????,,,,,,,,,,,,,,,,,,,,,,,
222,Milk and Milk Products,??? ?????,Milk Powder,?????? ??????,,,,,,,,,,,,,,,,,,,,,,,
223,Dal,????? ???,Harbhara Dal,????,,,,,,,,,,,,,,,,,,,,,,,
224,Dal,??????,Toor Dal,????,,,,,,,,,,,,,,,,,,,,,,,
225,Dal,??????,Moong Dal,????,,,,,,,,,,,,,,,,,,,,,,,
226,Dal,???????,Matki Dal,????,,,,,,,,,,,,,,,,,,,,,,,
227,Dal,???????,Masoor Dal,????,,,,,,,,,,,,,,,,,,,,,,,
228,Dal,???????,Udid Dal,????,,,,,,,,,,,,,,,,,,,,,,,
229,Dal,????? ??????,Baked Peas Dal,????,,,,,,,,,,,,,,,,,,,,,,,
230,Flour,??????? ???,Wheat Flour,????,,,,,,,,,,,,,,,,,,,,,,,
231,Flour,???????? ???,Rice Flour,????,,,,,,,,,,,,,,,,,,,,,,,
232,Flour,???? ???,Chickpea Flour,????,,,,,,,,,,,,,,,,,,,,,,,
233,Flour,????,Maida,????,,,,,,,,,,,,,,,,,,,,,,,
234,Flour,?????? ???,Anarsa Flour,????,,,,,,,,,,,,,,,,,,,,,,,
235,Flour,???,Semolina,????,,,,,,,,,,,,,,,,,,,,,,,
236,Flour,???? ???,Chakli Flour,????,,,,,,,,,,,,,,,,,,,,,,,
237,Flour,???????(???) ???,Barnyard Millet,????,,,,,,,,,,,,,,,,,,,,,,,
238,Flour,???? ???,Saatha Flour,????,,,,,,,,,,,,,,,,,,,,,,,
239,Flour,?????? ???,Split Black Gram Flour,????,,,,,,,,,,,,,,,,,,,,,,,
240,Flour,???????????,Cornflour,????,,,,,,,,,,,,,,,,,,,,,,,
241,Fruits,?????? ,Apple,???,,,,,,,,,,,,,,,,,,,,,,,
242,Fruits,????,Banana,???,,,,,,,,,,,,,,,,,,,,,,,
243,Fruits,????,Chikoo,???,,,,,,,,,,,,,,,,,,,,,,,
244,Fruits,??????,Custardapple,???,,,,,,,,,,,,,,,,,,,,,,,
245,Fruits,????,Dates,???,,,,,,,,,,,,,,,,,,,,,,,
246,Fruits,?????,Fig,???,,,,,,,,,,,,,,,,,,,,,,,
247,Fruits,???????,Grapes,???,,,,,,,,,,,,,,,,,,,,,,,
248,Fruits,????,Guava,???,,,,,,,,,,,,,,,,,,,,,,,
249,Fruits,?????,Musk Melons,???,,,,,,,,,,,,,,,,,,,,,,,
250,Fruits,??????,Watermelon,???,,,,,,,,,,,,,,,,,,,,,,,
251,Fruits,????,Mangoes,???,,,,,,,,,,,,,,,,,,,,,,,
252,Fruits,??????,pomegranate,???,,,,,,,,,,,,,,,,,,,,,,,
253,Fruits,???,Papaya,???,,,,,,,,,,,,,,,,,,,,,,,
254,Fruits,????,Pineapple,???,,,,,,,,,,,,,,,,,,,,,,,
255,Fruits,??????,Sweet Lemon,???,,,,,,,,,,,,,,,,,,,,,,,
256,Fruits,??????,Orange,???,,,,,,,,,,,,,,,,,,,,,,,
257,Fruits,????????,Strawberry,???,,,,,,,,,,,,,,,,,,,,,,,
258,Fruits,???? ????,Wild Bananas,???,,,,,,,,,,,,,,,,,,,,,,,
259,Leafy Vegetables,????,Spinach,??????????,,,,,,,,,,,,,,,,,,,,,,,
260,Leafy Vegetables,????,Fenugreek,??????????,,,,,,,,,,,,,,,,,,,,,,,
261,Leafy Vegetables,????,Dill,??????????,,,,,,,,,,,,,,,,,,,,,,,
262,Leafy Vegetables,??????,Mint,??????????,,,,,,,,,,,,,,,,,,,,,,,
263,Leafy Vegetables,????????,Green Sorrel,??????????,,,,,,,,,,,,,,,,,,,,,,,
264,Leafy Vegetables,????????,Curry Leaves,??????????,,,,,,,,,,,,,,,,,,,,,,,
265,Leafy Vegetables,????????,coriander,??????????,,,,,,,,,,,,,,,,,,,,,,,
266,Leafy Vegetables,????????????,Shallots,??????????,,,,,,,,,,,,,,,,,,,,,,,
267,Leafy Vegetables,???????,Amarnath,??????????,,,,,,,,,,,,,,,,,,,,,,,
268,Leafy Vegetables,????,Safflower,??????????,,,,,,,,,,,,,,,,,,,,,,,
269,Leafy Vegetables,????????,Purple Amarnath,??????????,,,,,,,,,,,,,,,,,,,,,,,
270,Leafy Vegetables,?????,Round Gourd,??????????,,,,,,,,,,,,,,,,,,,,,,,
271,Vegetables,?????,Cucumber,????????,,,,,,,,,,,,,,,,,,,,,,,
272,Vegetables,????????? ????,Drumstick,????????,,,,,,,,,,,,,,,,,,,,,,,
273,Vegetables,???,BroadBeans,????????,,,,,,,,,,,,,,,,,,,,,,,
274,Vegetables,?????,okra,????????,,,,,,,,,,,,,,,,,,,,,,,
275,Vegetables,?????,Brinjal,????????,,,,,,,,,,,,,,,,,,,,,,,
276,Vegetables,?????,Lemon,????????,,,,,,,,,,,,,,,,,,,,,,,
277,Vegetables,?????,Mushroom,????????,,,,,,,,,,,,,,,,,,,,,,,
278,Vegetables,?????,Potato,????????,,,,,,,,,,,,,,,,,,,,,,,
279,Vegetables,?????,Pumpkin,????????,,,,,,,,,,,,,,,,,,,,,,,
280,Vegetables,????,Raddish,????????,,,,,,,,,,,,,,,,,,,,,,,
281,Vegetables,?????,Bonavista Bean,????????,,,,,,,,,,,,,,,,,,,,,,,
282,Vegetables,?????,Ridge Gourd,????????,,,,,,,,,,,,,,,,,,,,,,,
283,Vegetables,??????,Tomato,????????,,,,,,,,,,,,,,,,,,,,,,,
284,Vegetables,?????,Onion,????????,,,,,,,,,,,,,,,,,,,,,,,
285,Vegetables,?????,Sweet Potato,????????,,,,,,,,,,,,,,,,,,,,,,,
286,Vegetables,?????,Bitter Gourd,????????,,,,,,,,,,,,,,,,,,,,,,,
287,Vegetables,????? ????,Raw Mango,????????,,,,,,,,,,,,,,,,,,,,,,,
288,Vegetables,????,Coconut,????????,,,,,,,,,,,,,,,,,,,,,,,
289,Vegetables,?????,Ginger,????????,,,,,,,,,,,,,,,,,,,,,,,
290,Vegetables,????? ?????,Green Chilli,????????,,,,,,,,,,,,,,,,,,,,,,,
291,Vegetables,????,Garlic,????????,,,,,,,,,,,,,,,,,,,,,,,
292,Vegetables,??????,Cauliflower,????????,,,,,,,,,,,,,,,,,,,,,,,
293,Vegetables,????,Cabbage,????????,,,,,,,,,,,,,,,,,,,,,,,
294,Vegetables,??????? ????,Corn,????????,,,,,,,,,,,,,,,,,,,,,,,
295,Vegetables,???,Beet,????????,,,,,,,,,,,,,,,,,,,,,,,
296,Vegetables,??????????,Capsicum,????????,,,,,,,,,,,,,,,,,,,,,,,
297,Vegetables,?????,Lima Beans,????????,,,,,,,,,,,,,,,,,,,,,,,
298,Vegetables,????,Carrot,????????,,,,,,,,,,,,,,,,,,,,,,,
299,Vegetables,?????,French Beans,????????,,,,,,,,,,,,,,,,,,,,,,,
